{
    "z" : [0.0, 1.0, 1.00001, 2.0, 2.00001, 3.0],
    "EJ": [1.0, 1.0, 1.0, 1.0, 1.0, 1.0],
    "k" : [4.0, 4.0, 0.0, 0.0, 4.0, 4.0],
    "q" : [0.0, 0.0, 1.0, 1.0, 0.0, 0.0],
    "P" : [1.0, 0.0, 0.0, 0.0, 0.0, -1.0],
    "M" : [0.0, 0.0, 0.0, 0.0, 0.0, 0.0],
    "n_pts" : 1001,
    "left_bc": "free",
    "right_bc": "free",
    "int_bc": []
}
